{"cameraMode":{"drawMode":0,"name":"Shaded","section":"Shading Mode"},"sceneLighting":false,"audioPlay":false,"sceneViewState":{"m_AlwaysRefresh":false,"showFog":true,"showSkybox":false,"showFlares":true,"showImageEffects":true,"showParticleSystems":true,"showVisualEffectGraphs":true,"m_FxEnabled":true},"in2DMode":false,"pivot":{"x":-5.167552947998047,"y":4.5753703117370609,"z":-0.49571382999420168},"rotation":{"x":0.07932424545288086,"y":-0.7332705855369568,"z":0.08685383200645447,"w":0.6696924567222595},"size":9.949873924255371,"orthographic":false}